Type,Name,Request Count,Failure Count,Median Response Time,Average Response Time,Min Response Time,Max Response Time,Average Content Size,Requests/s,Failures/s,50%,66%,75%,80%,90%,95%,98%,99%,99.9%,99.99%,100%
InvokeEndpoint,SageMaker,15370,169,6800.0,6881.5205068103605,395.28237500053365,12402.119332997245,0.0,17.123156864940913,0.18827674106538805,6800,7200,7900,8400,9800,11000,11000,11000,12000,12000,12000
,Aggregated,15370,169,6800.0,6881.5205068103605,395.28237500053365,12402.119332997245,0.0,17.123156864940913,0.18827674106538805,6800,7200,7900,8400,9800,11000,11000,11000,12000,12000,12000
