Type,Name,Request Count,Failure Count,Median Response Time,Average Response Time,Min Response Time,Max Response Time,Average Content Size,Requests/s,Failures/s,50%,66%,75%,80%,90%,95%,98%,99%,99.9%,99.99%,100%
InvokeEndpoint,SageMaker,31493,11,5400.0,6029.948309357158,337.07287500146776,12278.029417037033,0.0,21.013043971405477,0.007339519375272608,5400,6000,6500,7800,9700,11000,11000,11000,11000,12000,12000
,Aggregated,31493,11,5400.0,6029.948309357158,337.07287500146776,12278.029417037033,0.0,21.013043971405477,0.007339519375272608,5400,6000,6500,7800,9700,11000,11000,11000,11000,12000,12000
