Type,Name,Request Count,Failure Count,Median Response Time,Average Response Time,Min Response Time,Max Response Time,Average Content Size,Requests/s,Failures/s,50%,66%,75%,80%,90%,95%,98%,99%,99.9%,99.99%,100%
InvokeEndpoint,SageMaker,336,12,34000.0,34490.23979299507,12679.491500020958,60824.66191693675,0.0,0.5631997923382462,0.020114278297794507,34000,38000,42000,43000,48000,53000,60000,60000,61000,61000,61000
,Aggregated,336,12,34000.0,34490.23979299507,12679.491500020958,60824.66191693675,0.0,0.5631997923382462,0.020114278297794507,34000,38000,42000,43000,48000,53000,60000,60000,61000,61000,61000
