Type,Name,Request Count,Failure Count,Median Response Time,Average Response Time,Min Response Time,Max Response Time,Average Content Size,Requests/s,Failures/s,50%,66%,75%,80%,90%,95%,98%,99%,99.9%,99.99%,100%
InvokeEndpoint,SageMaker,2950,0,4200.0,3916.7151450771057,313.32083395682275,6593.34341599606,0.0,4.928435055216391,0.0,4200,4500,4500,4500,4500,4600,4900,5100,5600,6600,6600
,Aggregated,2950,0,4200.0,3916.7151450771057,313.32083395682275,6593.34341599606,0.0,4.928435055216391,0.0,4200,4500,4500,4500,4500,4600,4900,5100,5600,6600,6600
