Type,Name,Request Count,Failure Count,Median Response Time,Average Response Time,Min Response Time,Max Response Time,Average Content Size,Requests/s,Failures/s,50%,66%,75%,80%,90%,95%,98%,99%,99.9%,99.99%,100%
InvokeEndpoint,SageMaker,64,64,1800.0,1848.5510000446084,1785.1731670089066,2386.439000023529,0.0,0.5407004761107007,0.5407004761107007,1800,1800,1900,1900,1900,2000,2400,2400,2400,2400,2400
,Aggregated,64,64,1800.0,1848.5510000446084,1785.1731670089066,2386.439000023529,0.0,0.5407004761107007,0.5407004761107007,1800,1800,1900,1900,1900,2000,2400,2400,2400,2400,2400
