Type,Name,Request Count,Failure Count,Median Response Time,Average Response Time,Min Response Time,Max Response Time,Average Content Size,Requests/s,Failures/s,50%,66%,75%,80%,90%,95%,98%,99%,99.9%,99.99%,100%
InvokeEndpoint,SageMaker,15575,556,6800.0,6792.743645780231,445.46933400124544,11864.064958997915,0.0,17.351984627219064,0.6194352136586709,6800,7200,8000,8800,9800,11000,11000,11000,11000,12000,12000
,Aggregated,15575,556,6800.0,6792.743645780231,445.46933400124544,11864.064958997915,0.0,17.351984627219064,0.6194352136586709,6800,7200,8000,8800,9800,11000,11000,11000,11000,12000,12000
